<?xml version="1.0" encoding="UTF-8"?>
<project-private xmlns="http://www.netbeans.org/ns/project-private/1">
    <editor-bookmarks xmlns="http://www.netbeans.org/ns/editor-bookmarks/2" lastBookmarkId="0"/>
    <open-files xmlns="http://www.netbeans.org/ns/projectui-open-files/2">
        <group>
            <file>file:/C:/Users/dandy.taylor/Google%20Drive/School/SLCC%20-%20Fall%202014/CS%202420/Assignment%203%20-%20Linked%20List/Code/LinkedList/src/taylor/dandy/cs2420/Assignment3/LinkedListApp.java</file>
            <file>file:/C:/Users/dandy.taylor/Google%20Drive/School/SLCC%20-%20Fall%202014/CS%202420/Assignment%203%20-%20Linked%20List/Code/LinkedList/src/taylor/dandy/cs2420/Assignment3/LinkedList.java</file>
        </group>
    </open-files>
</project-private>
