<?xml version="1.0" encoding="UTF-8"?>
<project-private xmlns="http://www.netbeans.org/ns/project-private/1">
    <editor-bookmarks xmlns="http://www.netbeans.org/ns/editor-bookmarks/2" lastBookmarkId="0"/>
    <open-files xmlns="http://www.netbeans.org/ns/projectui-open-files/2">
        <group>
            <file>file:/C:/Users/dandy.taylor/Google%20Drive/School/SLCC%20-%20Fall%202014/CS%202420/Assignment%2005%20-%20Sorting/Code/Sorting%20-%20Dandy%20Taylor/src/taylor/dandy/cs2420/Assignment05/Sort.java</file>
            <file>file:/C:/Users/dandy.taylor/Google%20Drive/School/SLCC%20-%20Fall%202014/CS%202420/Assignment%2005%20-%20Sorting/Code/Sorting%20-%20Dandy%20Taylor/src/taylor/dandy/cs2420/Assignment05/AnagramTest.java</file>
        </group>
    </open-files>
</project-private>
